BACKEND,,,,,,,
Date,Module / Feature,Task / Work Description,Status,Priority,Issues / Blockers,Next Step,Remarks
01-09-2026,Authentication & Security,"Implemented Argon2id password hashing, user registration, and credential validation pipeline with failed login lockout.",Completed,High,None,Maintain session rotation & security audits,Implemented in server/src/modules/auth with Argon2id + Winston logging
01-09-2026,Token Family & Session Rotation,"Built JWT token family rotation, multi-device refresh token management, and instant device revocation on compromise.",Completed,High,None,Monitor token expiration telemetry,Implemented in auth.service.js with automatic family invalidation
02-09-2026,Password Reset & Recovery,"Developed cryptographically secure password reset token generation, email dispatch payload, and password update verification.",Completed,Medium,None,Connect production email SMTP credentials,Implemented in auth.routes.js and auth.service.js
02-09-2026,Granular RBAC Authorization,Engineered system permission registry with 48 granular permissions across 16 domain modules with role-permission check middleware.,Completed,High,None,Add custom role builder frontend integration,Defined in permissions.constants.js & role.service.js
03-09-2026,Roles & Permissions Management,"Implemented custom role creation, role-based access control (RBAC) assignment, and system role protection rules.",Completed,High,None,Validate default system roles in staging,Implemented in server/src/modules/roles and permissions
03-09-2026,Team Directory & Workforce CRUD,"Built paginated employee directory, automated employee ID generator (OWQ-XXX), role/department links, and soft deletion/restoration.",Completed,High,None,Review bulk import capabilities,Implemented in server/src/modules/team-members
04-09-2026,Department Hierarchy & Head Assignment,"Engineered department CRUD operations with hierarchical parent-child relationships, department heads, and workforce count rollup.",Completed,Medium,None,Link department analytics breakdown,Implemented in server/src/modules/departments
04-09-2026,Enterprise Invitations Gateway,"Implemented cryptographic invitation token generator, token verification endpoint, bulk invite dispatch, and onboarding assignment.",Completed,High,None,Verify invite expiration and resend flow,Implemented in server/src/modules/invitations
05-09-2026,Smart NFC Card Inventory,"Built physical smart NFC card stock management tracking 6 materials (Matte PVC, Metal, Wood, Stainless) and status states.",Completed,High,None,Connect hardware laser UID batch importer,Implemented in server/src/modules/cards/card.service.js
05-09-2026,NFC Card Binding & Lifecycle,Developed one-click binding and unlinking of smart NFC cards to employee profiles with audit logging and card lost/blocked flags.,Completed,High,None,Test re-binding workflows,Implemented in card.controller.js and card.service.js
06-09-2026,Contactless NFC Tap Resolver Gateway,Built ultra-fast public NFC tap resolver (/api/v1/public/cards/:cardUid) with tap telemetry counter & real-time redirect to live profile.,Completed,High,None,Monitor tap telemetry performance,Implemented in publicProfile.routes.js and card.service.js
06-09-2026,Profile State Isolation & Deep Diff,Designed state-isolated draft vs published profile architecture with automated deep JSON diff calculator for profile changes.,Completed,High,None,Verify edge case diff formatting,Implemented in employeeProfile.service.js and diff.utils.js
07-09-2026,Profile Approval Moderation Queue,"Built admin approval queue with side-by-side visual diff comparison, approve/reject with feedback, and auto-publishing.",Completed,High,None,Connect real-time in-app notification triggers,Implemented in server/src/modules/profile-approvals
07-09-2026,Public Verified Profiles Gateway,Created public verified employee profile endpoint by vanity slug (/p/:slug) with privacy filtering and SEO metadata.,Completed,High,None,Add CDN edge caching headers,Implemented in server/src/modules/public-profiles
08-09-2026,Dynamic QR Code Generator Engine,"Implemented dynamic vector SVG and high-res Data URL QR code generator for profile sharing, vCard contact downloads, and card mapping.",Completed,Medium,None,Support customized branded QR centers,Implemented in utils/qrGenerator.js and public profiles
08-09-2026,Digital Card Template Builder,"Engineered digital card layout template engine (Classic, Modern, Minimal, Executive, Founder) with theme color palettes and field visibility.",Completed,Medium,None,Add custom CSS theme variable injection,Implemented in server/src/modules/templates
08-09-2026,8-Section Company Profile Gateway,"Built 8-section enterprise company profile API (Hero, About, Vision, Values, Services, Team, Gallery, Contact) for corporate branding.",Completed,Medium,None,Connect client public landing page,Implemented in server/src/modules/company-profile
09-09-2026,Personalized Employee Home Dashboard,"Built /me/home and /me/dashboard aggregating verified profile score, KPI cards, upcoming events, and active department stream.",Completed,High,None,Add weekly engagement summary rollup,Implemented in server/src/modules/user-dashboard
09-09-2026,Employee Privacy Matrix & Sessions,"Implemented user privacy matrix toggles (public/internal phone, email, experience) and active device session inspection/remote termination.",Completed,High,None,Review session timeout policies,Implemented in server/src/modules/user-settings
09-09-2026,Colleague Networking & Connection Lifecycle,"Built colleague discovery feed with connection badges (none, pending_sent, pending_received, connected) and request lifecycle handlers.",Completed,Medium,None,Add mutual connections suggestion algorithm,Implemented in server/src/modules/connections
10-09-2026,Enterprise Events & RSVP Ticketing,"Engineered department/role-scoped event feed, RSVP booking, and cryptographically secure digital ticket pass generator (OWQ-EVT-XXXXXX).",Completed,High,None,Add QR ticket scanner endpoint for event check-in,Implemented in server/src/modules/events
10-09-2026,Employee Organization Explorer,Developed searchable organization colleague directory for employees with department/designation filters and direct contact links.,Completed,Medium,None,Add quick connection action buttons,Implemented in server/src/modules/user-directory
10-09-2026,Enterprise Helpdesk & Support Ticketing,"Built categorized enterprise FAQ knowledge base, support ticket creation, priority grading, and ticket status lifecycle.",Completed,Medium,None,Connect admin ticket resolution responses,Implemented in server/src/modules/support
10-09-2026,Visitor Telemetry & Analytics Engine,"Built real-time telemetry tracking for NFC card taps, QR scans, profile views, device/browser categorization, and time-series aggregation.",Completed,High,None,Connect admin analytics charting widgets,Implemented in server/src/modules/analytics
10-09-2026,Immutable Security Audit Trail,"Engineered automatic audit trail logging actor, target, action, diff changes, IP address, and user agent for compliance.",Completed,High,None,Add CSV / JSON audit export endpoint,Implemented in server/src/modules/audit-logs
10-09-2026,In-App Notification Engine,"Developed event-driven notifications for profile approvals, invitations, connections, and events with unread count tracking.",Completed,Medium,None,Integrate WebSocket / SSE real-time stream,Implemented in server/src/modules/notifications
10-09-2026,Media Upload & Storage Provider Integration,"Built multipart upload pipeline with local disk and cloud storage adapters (Cloudinary/S3) for avatars, covers, and company logos.",Completed,Medium,None,Add image optimization and thumbnail generator,Implemented in server/src/modules/media
10-09-2026,Organization Security & Platform Settings,"Implemented global platform configuration: password strength policies, session timeouts, and approval enforcement toggles.",Completed,Medium,None,Add 2FA enforcement policy toggle,Implemented in server/src/modules/settings
10-09-2026,Database Schema Architecture & Seed Pipeline,"Created 22 optimized Mongoose domain schemas with compound indexes, plus complete automated DB seed pipeline (Super Admin, Team, Cards).",Completed,High,None,Run seed verification in staging environment,Implemented in server/src/seeds & models
10-09-2026,Security & Request Middleware Pipeline,"Built Helmet security headers, CORS origin whitelisting, global/auth rate limiters, request correlation IDs, and centralized AppError handler.",Completed,High,None,Monitor rate limit hits in production,Implemented in server/src/middlewares & app.js

FRONTEND,,,,,,,
Date,Module / Feature,Task / Work Description,Status,Priority,Issues / Blockers,Next Step,Remarks
,,,,,,,
,,,,,,,
,,,,,,,
,,,,,,,
,,,,,,,
